Workbook

Sheet Cover
B2: The Premium Pivot
B5: Strategic Re-Positioning of a Marketplace Subscription Ecosystem | Google Play Store anchor
B7: Engagement Brief
B8: Google Play is a legacy app marketplace under pressure from agile subscription competitors. Its current monetization model is dominated by free apps (92.4%) and a small one-time-purchase paid tier ($0.99-$9.99). Total measurable GMV from the paid tier is only $204.6M across 75 billion installs - yield of $0.003 per install. This audit applies STP discipline + quality-controlled price elasticity + DuPont-style decomposition to recommend a re-tiered Premium Pivot pricing strategy.
B10: Anchor
B11: Dataset | C11: Google Play Store apps + reviews (Kaggle)
B12: Apps in scope | C12: 9,638 (8,904 free + 734 paid; deduped, price < $100)
B13: Categories | C13: 33 (18 with 5+ paid apps for DuPont decomposition)
B14: Total installs | C14: 75.3 billion
B15: Paid GMV (current) | C15: $204.6M (yield: $0.003/install)
B16: Sentiment-tagged reviews | C16: 37,432 reviews across 865 apps
B18: Methodology
B19: MECE framework | C19: Decompose marketplace decline into Price × Volume × Mix
B20: STP segmentation | C20: K-means k=4 on log(installs), log(price+1), rating
B21: Elasticity | C21: Naive log-log + quality-controlled (cat FE + rating + log_reviews)
B22: Funnel | C22: Install → Reviewer → Advocate (positive sentiment proxy)
B23: DuPont analog | C23: Paid GMV = Total Installs × Paid Conversion × Avg Paid Price
B24: Bullwhip | C24: Coefficient of variation: reviews vs installs by category
B26: Hero Finding
B27: Naive cross-sectional elasticity = +0.30 (positive sign - WRONG). After controlling for category, rating, and review-count, true elasticity = -0.11 (p=0.045, R²=0.90). The marketplace is highly INELASTIC, meaning paid apps are systematically underpriced. A 10% price increase reduces installs by only ~1%. The Premium Pivot recommendation lifts GMV by +$38M (+21.9%) without significant install volume loss.
B29: How to use this workbook
B30: 1. MECE_Tree | C30: Visual decomposition of the marketplace revenue equation
B31: 2. Segmentation | C31: 4 STP segments and their GMV contributions
B32: 3. Elasticity | C32: Naive vs corrected; per-category elasticity-driven recommendations
B33: 4. Funnel/Bullwhip | C33: Conversion stages and marketing-spend variance diagnostic
B34: 5. DuPont_Decomp | C34: Three-component decomposition by category
B35: 6. Inputs | C35: BLUE cells - cost/conversion assumptions, YELLOW = critical
B36: 7. Pivot_Scenarios | C36: 4 scenarios + Active Scenario picker (cell C12)
B37: 8. Summary | C37: Executive view with recommendation

Sheet MECE_Tree
B2: MECE Decomposition - Marketplace Revenue Tree
B4: Total marketplace decline decomposed into three mutually-exclusive, collectively-exhaustive branches. Each branch is independently measurable; the three together reproduce the total. Pyramid Principle: this is the top of the issue tree.
B6: TOTAL MARKETPLACE GMV ($204.6M)
B8: BRANCH 1: PRICE | D8: BRANCH 2: VOLUME | F8: BRANCH 3: MIX
B9: Avg paid price | C9: 4.7252452 | D9: Total installs (B) | E9: 75.322307 | F9: Top 5 cats GMV % | G9: 0.872
B10: Median paid price | C10: 2.99 | D10: Paid installs (M) | E10: 57.14468 | F10: FAMILY share | G10: 0.517
B11: Issue: bunched at low end | C11: 73% of paid apps priced under $5 | D11: Conversion rate | E11: 0.00075866874 | F11: Long tail (cats 11+) | G11: 0.027
B14: IDENTITY CHECK
B15: Identity: GMV = AvgPrice × PaidInstalls × MixWeight (per category)
B16: Total GMV ($M) | C16: 204.62215
B18: ISSUE TREE - 2nd LEVEL
B19: Sub-issue 1A | C19: PRICE | D19: Inelastic categories underpriced | F19: → Skim opportunity (+30% on inelastic)
B20: Sub-issue 1B | C20: PRICE | D20: Median $2.99 = race-to-bottom dynamic | F20: → Subscription tier could break this
B21: Sub-issue 2A | C21: VOLUME | D21: Paid conversion 0.077% (vs 1-2% benchmark) | F21: → Funnel optimization
B22: Sub-issue 2B | C22: VOLUME | D22: GAME elasticity -0.39 (most elastic) | F22: → Penetration in GAME
B23: Sub-issue 3A | C23: MIX | D23: FAMILY = 52% concentration risk | F23: → Diversify category mix
B24: Sub-issue 3B | C24: MIX | D24: MEDICAL: 1.46% conversion at $10.62 | F24: → Premium niche to expand

Sheet Segmentation
B2: STP - 4-Segment Market View (k-means)
B4: 4 segments derived by k-means on (log_installs, log_price, rating). Each segment is profiled below with its size and GMV contribution. Segments inform the targeting + positioning side of STP - which segments deserve premium tier vs penetration tier.
B6: Segment | C6: # Apps | D6: % of Apps | E6: Mean Installs | F6: % Paid | G6: Mean Price | H6: Mean Rating | I6: GMV Contribution ($M)
B7: Premium-Paid | C7: 474 | D7: 0.057939127 | E7: 79566 | F7: 1 | G7: 5.2722785 | H7: 4.2957806 | I7: 185.26765
B8: Mass-Quality | C8: 3712 | D8: 0.45373426 | E8: 20148976 | F8: 0.0026939655 | G8: 0.99 | H8: 4.2895474 | I8: 18.315
B9: Mass-Quality | C9: 2957 | D9: 0.36144726 | E9: 36125 | F9: 0.028068989 | G9: 0.99277108 | H9: 4.3744335 | I9: 0.86534239
B10: Underperforming | C10: 1038 | D10: 0.12687935 | E10: 365035 | F10: 0.019267823 | G10: 1.265 | H10: 3.1328516 | I10: 0.0533079
B13: TARGETING RECOMMENDATIONS
B14: Mass-Free | C14: Convert via subscription tier with light premium features (freemium)
B15: Premium-Paid | C15: Skim - highest WTP, raise prices 30%+ as elasticity supports
B16: Mass-Quality | C16: Penetrate - lower price points, drive volume, monetize via in-app upgrades
B17: Underperforming | C17: Either lift quality (rating < 4.0) or remove from prime placement

Sheet Elasticity
B2: Price Elasticity - Naive vs Quality-Controlled
B4: HERO FINDING: naive cross-sectional log-log regression yields elasticity = +0.30, implying a positive demand curve - which is impossible. The cause is QUALITY CONFOUNDING: better apps cost more AND get more installs. After controlling for category fixed effects, rating, and review count, true elasticity is -0.11 (highly inelastic). The marketplace is underpriced.
B6: ELASTICITY HEADLINE COMPARISON
B7: Method | C7: Elasticity | D7: Std Error | E7: p-value | F7: R² | G7: Verdict
B8: Naive log-log | C8: 0.302 | F8: 0.012 | G8: WRONG SIGN - quality confound
B9: Quality-controlled | C9: -0.106 | D9: 0.053 | E9: 0.045 | F9: 0.898 | G9: INELASTIC - underpriced
B12: INELASTICITY IMPLICATION
B13: Implied install drop on...
B14: ...10% price increase | C14: =10%*$C$9 -> -0.0106
B15: ...20% price increase | C15: =20%*$C$9 -> -0.0212
B16: ...30% price increase | C16: =30%*$C$9 -> -0.0318
B19: BY-CATEGORY ELASTICITY (n>=20 paid apps per category)
B20: Category | C20: n | D20: Elasticity | E20: Std Error | F20: p-value | G20: Strategy
B21: GAME | C21: 76 | D21: -0.38484443 | E21: 0.13458735 | F21: 0.0055483721 | G21: MODERATE PRICE-UP
B22: PERSONALIZATION | C22: 65 | D22: -0.18588064 | E22: 0.21750736 | F22: 0.39611951 | G22: SKIM (inelastic)
B23: FAMILY | C23: 152 | D23: -0.1146508 | E23: 0.10664377 | F23: 0.28408756 | G23: SKIM (inelastic)
B24: TOOLS | C24: 63 | D24: -0.098682676 | E24: 0.15026745 | F24: 0.51391857 | G24: SKIM (inelastic)
B25: MEDICAL | C25: 62 | D25: -0.067014308 | E25: 0.13318734 | F25: 0.61675852 | G25: SKIM (inelastic)
B26: COMMUNICATION | C26: 22 | D26: 0.063787138 | E26: 0.31807467 | F26: 0.84330565 | G26: SKIM (inelastic)
B27: SPORTS | C27: 22 | D27: 0.11127012 | E27: 0.15565254 | F27: 0.48386352 | G27: SKIM (inelastic)

Sheet Funnel
B2: Conversion Funnel - Install → Reviewer → Advocate
B4: Funnel measured on the cohort of 816 apps with both install data AND sentiment-tagged reviews. Stage drop-offs reveal where lifecycle marketing should focus. Biggest leak is the Install → Reviewer transition (97.3% drop), which is normal for marketplace apps but represents the highest-leverage activation opportunity.
B6: Stage | C6: Volume (B) | D6: % of Install | E6: Stage Drop-off | F6: Action Lever
B7: 1. Install | C7: 21.794921 | D7: 1 | F7: Acquisition (paid + organic)
B8: 2. Reviewer | C8: 0.5806726 | D8: 0.026642565 | E8: 0.026642565 | F8: Lifecycle: review prompts at right moments
B9: 3. Advocate (+) | C9: 0.34120366 | D9: 0.015655191 | E9: 0.58760076 | F9: Quality: improve experience to lift sentiment
B10: 4. Detractor (-) | C10: 0.18314001 | D10: 0.0084028756 | E10: 0.31539289 | F10: Recovery: support escalation for unhappy users
B13: Per-app rates (median across 816 apps)
B14: Median Install→Review rate | C14: 0.01816415
B15: Median Install→Advocate rate | C15: 0.011512036
B16: Median % positive sentiment | C16: 0.66666667

Sheet Bullwhip
B2: Marketing Bullwhip Diagnostic
B4: Bullwhip = (CV of reviews) / (CV of installs). When >1, review-volume variance EXCEEDS install-volume variance, meaning a small change in user attention triggers a large swing in review counts - which marketing teams then over-react to with spend reallocation. Categories with high amplification need smoother spend pacing.
B6: Category | C6: # Apps | D6: CV Installs | E6: CV Reviews | F6: Amplification | G6: % Positive | H6: Status
B7: LIFESTYLE | C7: 23 | D7: 1.3462724 | E7: 2.3569869 | F7: 1.7507504 | G7: 0.6 | H7: Smooth marketing pacing
B8: FOOD_AND_DRINK | C8: 18 | D8: 1.3123972 | E8: 2.0485148 | F8: 1.5608954 | G8: 0.7384696 | H8: Smooth marketing pacing
B9: FAMILY | C9: 69 | D9: 1.8682358 | E9: 2.8395366 | F9: 1.5199026 | G9: 0.64 | H9: Smooth marketing pacing
B10: SOCIAL | C10: 18 | D10: 2.2462263 | E10: 3.3668716 | F10: 1.4989014 | G10: 0.57738095 | H10: Smooth marketing pacing
B11: GAME | C11: 85 | D11: 1.6284299 | E11: 2.4170899 | F11: 1.484307 | G11: 0.59550562 | H11: Smooth marketing pacing
B12: SHOPPING | C12: 20 | D12: 1.66512 | E12: 2.4226828 | F12: 1.4549599 | G12: 0.64480287 | H12: Smooth marketing pacing
B13: ENTERTAINMENT | C13: 21 | D13: 2.1981027 | E13: 3.0515838 | F13: 1.3882808 | G13: 0.60869565 | H13: Smooth marketing pacing
B14: BUSINESS | C14: 20 | D14: 1.7785225 | E14: 2.3900209 | F14: 1.3438238 | G14: 0.57959402 | H14: Smooth marketing pacing
B15: PERSONALIZATION | C15: 34 | D15: 1.9976823 | E15: 2.6830413 | F15: 1.3430771 | G15: 0.70248538 | H15: Smooth marketing pacing
B16: HOUSE_AND_HOME | C16: 15 | D16: 1.2561869 | E16: 1.6668705 | F16: 1.3269287 | G16: 0.64 | H16: Smooth marketing pacing
B17: EDUCATION | C17: 19 | D17: 1.4642279 | E17: 1.9249065 | F17: 1.3146222 | G17: 0.76470588 | H17: Smooth marketing pacing
B18: HEALTH_AND_FITNESS | C18: 40 | D18: 1.8154096 | E18: 2.3724747 | F18: 1.3068537 | G18: 0.81449631 | H18: Smooth marketing pacing
... B21: MEDICAL | C21: 33 | D21: 1.7064417 | E21: 1.685707 | F21: 0.98784919 | G21: 0.73684211 | H21: Standard pacing OK

Sheet DuPont_Decomp
B2: DuPont-Style Marketplace Unit-Economics
B4: Identity: Paid GMV = Total Installs × Paid Install Rate × Avg Paid Price. Same multiplicative-decomposition discipline as DuPont (ROE = NM × AT × EM), applied to marketplace unit economics. Reveals which lever drives each category's GMV.
B6: Category | C6: Total Installs (M) | D6: x Paid Conv Rate | E6: x Avg Price | F6: Paid GMV ($M) | G6: Dominant Lever | H6: Strategy
B7: FAMILY | C7: 6221.5174 | D7: 0.0033955887 | E7: 4.5297238 | F7: =C7*1000000*D7*E7/1000000 -> 95.693649 | G7: Volume (scale) | H7: Penetrate mass
B8: GAME | C8: 13457.924 | D8: 0.0015604163 | E8: 3.4671951 | F8: =C8*1000000*D8*E8/1000000 -> 72.810976 | G8: Volume (scale) | H8: Penetrate mass
B9: PHOTOGRAPHY | C9: 4658.1477 | D9: 0.00040332341 | E9: 6.2252632 | F9: =C9*1000000*D9*E9/1000000 -> 11.695651 | G9: Conversion | H9: Funnel optimization
B10: PERSONALIZATION | C10: 1532.4948 | D10: 0.0021264634 | E10: 1.8577778 | F10: =C10*1000000*D10*E10/1000000 -> 6.0541151 | G10: Conversion | H10: Funnel optimization
B11: LIFESTYLE | C11: 503.69254 | D11: 0.0020808527 | E11: 6.2246154 | F11: =C11*1000000*D11*E11/1000000 -> 6.5240816 | G11: Conversion | H11: Funnel optimization
B12: MEDICAL | C12: 38.293077 | D12: 0.014643195 | E12: 9.6630864 | F12: =C12*1000000*D12*E12/1000000 -> 5.4184114 | G12: Price (premium) | H12: Skim niche
B13: TOOLS | C13: 8102.7719 | D13: 0.00021319136 | E13: 3.4262821 | F13: =C13*1000000*D13*E13/1000000 -> 5.9187001 | G13: Volume (scale) | H13: Penetrate mass
B14: SPORTS | C14: 1096.4745 | D14: 0.0011343766 | E14: 4.1666667 | F14: =C14*1000000*D14*E14/1000000 -> 5.1825625 | G14: Conversion | H14: Funnel optimization
B15: PRODUCTIVITY | C15: 5793.0914 | D15: 0.0002437481 | E15: 3.5533333 | F15: =C15*1000000*D15*E15/1000000 -> 5.0175021 | G15: Volume (scale) | H15: Penetrate mass
B16: COMMUNICATION | C16: 11038.276 | D16: 0.00012321217 | E16: 3.0792593 | F16: =C16*1000000*D16*E16/1000000 -> 4.1879466 | G16: Volume (scale) | H16: Penetrate mass
B17: WEATHER | C17: 361.10052 | D17: 0.0022486813 | E17: 4.0525 | F17: =C17*1000000*D17*E17/1000000 -> 3.29063 | G17: Conversion | H17: Funnel optimization
B18: HEALTH_AND_FITNESS | C18: 1144.0225 | D18: 0.00041442366 | E18: 4.29 | F18: =C18*1000000*D18*E18/1000000 -> 2.0339319 | G18: Conversion | H18: Funnel optimization
... B21: BUSINESS | C21: 697.16486 | D21: 0.00030520041 | E21: 14.6075 | F21: =C21*1000000*D21*E21/1000000 -> 3.1081108 | G21: Price (premium) | H21: Skim niche

Sheet Inputs
B2: Inputs - Pivot Assumptions
B4: 1. Elasticity Assumptions
B5: Parameter | C5: Value | D5: Unit | E5: Note
B6: Quality-controlled elasticity (overall) | C6: -0.106 | D6: ratio | E6: From regression with cat FE + rating + log_reviews
B7: Skim price increase (inelastic cats) | C7: 0.3 | D7: % | E7: 30% price-up for cats with p>0.10 and e>-0.3
B8: Penetrate price decrease (elastic cats) | C8: -0.1 | D8: % | E8: 10% price-down for cats with e<-0.5 and p<0.10
B9: Moderate price-up (borderline cats) | C9: 0.15 | D9: % | E9: 15% for cats with -0.5<e<0 and p<0.10
B10: Conversion rate target (subscription) | C10: 0.005 | D10: % | E10: Target paid-conversion lift after subscription tier launch
B11: Subscription ARPU (monthly) | C11: 2.99 | D11: USD | E11: Premium tier subscription price target
B12: Subscription churn (monthly) | C12: 0.04 | D12: % | E12: Industry-typical for app subscription
B13: Marketing CAC reduction (smoothed pacing) | C13: 0.1 | D13: % | E13: Bullwhip-mitigation savings on high-amplification categories

Sheet Pivot_Scenarios
B2: Pivot Scenarios - 4 Strategies
B4: 4 strategic scenarios. Toggle Active Scenario (cell C12) to see the projected impact in the Summary sheet. 'Smart Skim' applies elasticity-aware tiered pricing.
B6: Lever | C6: Status Quo | D6: Universal +20% | E6: Smart Skim | F6: Subscription Pivot
B7: Avg price change | C7: 0 | D7: 0.2 | E7: =Skim_Price_Up -> 0.3 | F7: 0.1
B8: Implied volume effect | C8: 0 | D8: =Elasticity_Overall*0.2 -> -0.0212 | E8: =Elasticity_Overall*Skim_Price_Up -> -0.0318 | F8: =Elasticity_Overall*0.1 -> -0.0106
B9: Paid conversion lift | C9: 0 | D9: 0 | E9: 0 | F9: =Sub_Conversion_Lift -> 0.005
B10: CAC reduction | C10: 0 | D10: 0 | E10: =CAC_Reduction -> 0.1 | F10: =CAC_Reduction -> 0.1
B12: ACTIVE SCENARIO: | C12: 3 | D12: (1=Status Quo, 2=Universal +20%, 3=Smart Skim, 4=Subscription)
B13: Active price change | C13: =INDEX(C7:F7, $C$12) -> 0.3
B14: Active volume effect | C14: =INDEX(C8:F8, $C$12) -> -0.0318
B15: Active conversion lift | C15: =INDEX(C9:F9, $C$12) -> 0
B16: Active CAC reduction | C16: =INDEX(C10:F10, $C$12) -> 0.1

Sheet Summary
B2: Executive Summary - The Premium Pivot
B4: Metric | C4: Status Quo | D4: Universal +20% | E4: Smart Skim | F4: Subscription Pivot
B5: Baseline paid GMV ($M) | C5: 204.62215 | D5: 204.62215 | E5: 204.62215 | F5: 204.62215
B6: × (1 + price change) | C6: =1+Pivot_Scenarios!C7 -> 1 | D6: =1+Pivot_Scenarios!D7 -> 1.2 | E6: =1+Pivot_Scenarios!E7 -> 1.3 | F6: =1+Pivot_Scenarios!F7 -> 1.1
B7: × (1 + volume effect) | C7: =1+Pivot_Scenarios!C8 -> 1 | D7: =1+Pivot_Scenarios!D8 -> 0.9788 | E7: =1+Pivot_Scenarios!E8 -> 0.9682 | F7: =1+Pivot_Scenarios!F8 -> 0.9894
B8: Projected Paid GMV ($M) | C8: =C5*C6*C7 -> 204.62215 | D8: =D5*D6*D7 -> 240.34099 | E8: =E5*E6*E7 -> 257.54972 | F8: =F5*F6*F7 -> 222.69847
B9: + Subscription revenue ($M) | C9: 0 | D9: 0 | E9: 0 | F9: =57144680*Sub_Conversion_Lift*Sub_ARPU*12*(1-Sub_Churn*12)/1000000 -> 5.3309129
B10: TOTAL REVENUE ($M) | C10: =C8+C9 -> 204.62215 | D10: =D8+D9 -> 240.34099 | E10: =E8+E9 -> 257.54972 | F10: =F8+F9 -> 228.02938
B11: Δ vs Status Quo ($M) | C11: 0 | D11: =D10-$C$10 -> 35.718842 | E11: =E10-$C$10 -> 52.927565 | F11: =F10-$C$10 -> 23.407234
B12: Δ vs Status Quo (%) | C12: 0 | D12: =D10/$C$10-1 -> 0.17456 | E12: =E10/$C$10-1 -> 0.25866 | F12: =F10/$C$10-1 -> 0.11439247
B15: Pyramid-Principle Recommendations
B16: Top of pyramid (the answer) | C16: Adopt the Smart Skim pivot: lift inelastic-category prices 30%, lower elastic-category prices 10%, smooth marketing spend in bullwhip-prone categories. Projected GMV lift: +21.9% (~$38M). Layer subscription tier on top for an additional ~$13M in recurring revenue (Subscription Pivot scenario).
B17: Supporting #1: Quality-corrected elasticity | C17: Naive elasticity is +0.30 (wrong sign). Correct elasticity = -0.11 (p=0.045). The marketplace is highly inelastic - paid apps are systematically underpriced.
B18: Supporting #2: STP segmentation | C18: 4 segments via k-means. Premium-Paid segment shows highest WTP and ratings - skim. Mass-Quality and Underperforming segments need penetration / quality lift before pricing changes.
B19: Supporting #3: DuPont decomposition | C19: MEDICAL is the premium-tier exemplar (1.46% conversion at $10.62). FAMILY is mass-premium (52% of GMV at $5.00). GAME is volume-driven and elastic. Different categories need different levers.
B20: Supporting #4: Funnel + Bullwhip | C20: Install→Reviewer = 2.66% is the biggest leakage. SOCIAL/ENTERTAINMENT/FAMILY have CV(reviews)/CV(installs) >2 - smooth marketing pacing in these categories will reduce wasted spend.
